room_number,Slug,imagen principal,bathroom_type,description_es,Ubicaci√≥n,Description rich del cuarto,Per√≠odo de disponibilidad,Galeria Imagen 1,Galeria Imagen 2,Galeria Imagen 3,Galeria Imagen 4,Galeria Imagen 5,Galeria Imagen 6,Galeria Imagen 7,Galeria Imagen 8,Galeria Imagen 9,Galeria Imagen 10
1,centro,https://cdn.prod.website-files.com/66c2d9453ef9ccc73309930e/6805885e2316d13791ea6fb4_sala_principa.jpeg,private,"Tres rec√°maras, cocina, dos ba√±os y √°rea de estudio. Segundo piso.",,,enero-2026---mayo-2026-5-meses; enero-2026---junio-2026-6-meses,https://cdn.prod.website-files.com/66c2d9453ef9ccc73309930e/6805886b168231fd02c628b0_Sala1.jpeg,https://cdn.prod.website-files.com/66c2d9453ef9ccc73309930e/68058870f7bc963f0373b9c2_sala2.jpeg,https://cdn.prod.website-files.com/66c2d9453ef9ccc73309930e/68058874a8b8451c98bf27df_sala3.jpeg,https://cdn.prod.website-files.com/66c2d9453ef9ccc73309930e/680588773494ae7eba69eaee_cocina.jpeg,https://cdn.prod.website-files.com/66c2d9453ef9ccc73309930e/6805af1858514b6a497047cb_C4-01-scaled.jpg,https://cdn.prod.website-files.com/66c2d9453ef9ccc73309930e/6805af1bef07ae5dceca9ec4_C4-02-scaled.jpg,https://cdn.prod.website-files.com/66c2d9453ef9ccc73309930e/6805af1e0bb52c6dcc47471c_C4-04-scaled.jpg,,,
10,centro,https://cdn.prod.website-files.com/66c2d9453ef9ccc73309930e/6859f9aaf05d114b42f36a97_C03-04-scaled.jpg,shared,"Dos rec√°maras, cocina y un ba√±o. Segundo piso.",,,enero-2026---mayo-2026-5-meses; enero-2026---junio-2026-6-meses,https://cdn.prod.website-files.com/66c2d9453ef9ccc73309930e/6859f9b14e42b20c3dfaaeb7_C03-07-scaled.jpg,https://cdn.prod.website-files.com/66c2d9453ef9ccc73309930e/6859f9b4a5d412be17b19252_C03-05-scaled.jpg,https://cdn.prod.website-files.com/66c2d9453ef9ccc73309930e/6859f9b80db1dbcde5173684_C03-02-scaled.jpg,https://cdn.prod.website-files.com/66c2d9453ef9ccc73309930e/6859f9be666751677bc5c93b_C03-03-scaled.jpg,,,,,,
11,centro,https://cdn.prod.website-files.com/66c2d9453ef9ccc73309930e/6859f87b00063dc30374c593_C103-01-scaled.jpg,shared,"Dos rec√°maras, cocina y un ba√±o. Segundo piso.",,,enero-2026---mayo-2026-5-meses; enero-2026---junio-2026-6-meses,https://cdn.prod.website-files.com/66c2d9453ef9ccc73309930e/6859f8775f10a677f984910a_C103-02-scaled.jpg,https://cdn.prod.website-files.com/66c2d9453ef9ccc73309930e/6859f882d5e46d026a1b633b_C103-06-scaled.jpg,https://cdn.prod.website-files.com/66c2d9453ef9ccc73309930e/6859f885bcf31cd1dbc8f149_C103-03-scaled.jpg,https://cdn.prod.website-files.com/66c2d9453ef9ccc73309930e/6859f87fa9f6543609fc18e4_C013-05jpg-scaled.jpg,https://cdn.prod.website-files.com/66c2d9453ef9ccc73309930e/6859f8892e006071e7e054db_C103-04-scaled.jpg,,,,,
2,centro,https://cdn.prod.website-files.com/66c2d9453ef9ccc73309930e/6805af012316d13791fc5c8d_sala.jpg,shared,"Tres rec√°maras, cocina, dos ba√±os y √°rea de estudio. Segundo piso.",,,enero-2026---mayo-2026-5-meses; enero-2026---junio-2026-6-meses,https://cdn.prod.website-files.com/66c2d9453ef9ccc73309930e/6805af148a90f9174d7e89cb_C4-05-scaled.jpg,https://cdn.prod.website-files.com/66c2d9453ef9ccc73309930e/6805b40458514b6a49728dbe_cuarto2.jpeg,,,https://cdn.prod.website-files.com/66c2d9453ef9ccc73309930e/6805af208e51b8cda4719346_C-BANO-scaled.jpg,,,,,
3,centro,https://cdn.prod.website-files.com/66c2d9453ef9ccc73309930e/6805af012316d13791fc5c8d_sala.jpg,shared,"Dos rec√°maras, cocina y un ba√±o. Planta baja.",,,enero-2026---mayo-2026-5-meses; enero-2026---junio-2026-6-meses,https://cdn.prod.website-files.com/66c2d9453ef9ccc73309930e/6859f8775f10a677f984910a_C103-02-scaled.jpg,https://cdn.prod.website-files.com/66c2d9453ef9ccc73309930e/6859f882d5e46d026a1b633b_C103-06-scaled.jpg,https://cdn.prod.website-files.com/66c2d9453ef9ccc73309930e/6859f87fa9f6543609fc18e4_C013-05jpg-scaled.jpg,https://cdn.prod.website-files.com/66c2d9453ef9ccc73309930e/6859f885bcf31cd1dbc8f149_C103-03-scaled.jpg,https://cdn.prod.website-files.com/66c2d9453ef9ccc73309930e/6859f8892e006071e7e054db_C103-04-scaled.jpg,,,,,
4,centro,https://cdn.prod.website-files.com/66c2d9453ef9ccc73309930e/6805af1bef07ae5dceca9ec4_C4-02-scaled.jpg,shared,"Tres rec√°maras, cocina y dos ba√±os. Segundo piso.",,,enero-2026---mayo-2026-5-meses; enero-2026---junio-2026-6-meses,https://cdn.prod.website-files.com/66c2d9453ef9ccc73309930e/6805af012316d13791fc5c8d_sala.jpg,https://cdn.prod.website-files.com/66c2d9453ef9ccc73309930e/6805af148a90f9174d7e89cb_C4-05-scaled.jpg,https://cdn.prod.website-files.com/66c2d9453ef9ccc73309930e/6805af1e0bb52c6dcc47471c_C4-04-scaled.jpg,https://cdn.prod.website-files.com/66c2d9453ef9ccc73309930e/6805af1858514b6a497047cb_C4-01-scaled.jpg,https://cdn.prod.website-files.com/66c2d9453ef9ccc73309930e/6805af208e51b8cda4719346_C-BANO-scaled.jpg,,,,,
5,centro,https://cdn.prod.website-files.com/66c2d9453ef9ccc73309930e/6859f9aaf05d114b42f36a97_C03-04-scaled.jpg,shared,"Dos rec√°maras, cocina y un ba√±o. Segundo piso.",,,enero-2026---mayo-2026-5-meses; enero-2026---junio-2026-6-meses,https://cdn.prod.website-files.com/66c2d9453ef9ccc73309930e/6859f9b14e42b20c3dfaaeb7_C03-07-scaled.jpg,https://cdn.prod.website-files.com/66c2d9453ef9ccc73309930e/6859f9b4a5d412be17b19252_C03-05-scaled.jpg,https://cdn.prod.website-files.com/66c2d9453ef9ccc73309930e/6859f9b80db1dbcde5173684_C03-02-scaled.jpg,https://cdn.prod.website-files.com/66c2d9453ef9ccc73309930e/6859f9be666751677bc5c93b_C03-03-scaled.jpg,,,,,,
6,centro,,shared,"Dos rec√°maras, cocina y un ba√±o. Segundo piso.",,,enero-2026---mayo-2026-5-meses; enero-2026---junio-2026-6-meses,https://cdn.prod.website-files.com/66c2d9453ef9ccc73309930e/6859f8775f10a677f984910a_C103-02-scaled.jpg,https://cdn.prod.website-files.com/66c2d9453ef9ccc73309930e/6859f882d5e46d026a1b633b_C103-06-scaled.jpg,https://cdn.prod.website-files.com/66c2d9453ef9ccc73309930e/6859f885bcf31cd1dbc8f149_C103-03-scaled.jpg,https://cdn.prod.website-files.com/66c2d9453ef9ccc73309930e/6859f87fa9f6543609fc18e4_C013-05jpg-scaled.jpg,https://cdn.prod.website-files.com/66c2d9453ef9ccc73309930e/6859f8892e006071e7e054db_C103-04-scaled.jpg,,,,,
7,centro,https://cdn.prod.website-files.com/66c2d9453ef9ccc73309930e/6859f9aaf05d114b42f36a97_C03-04-scaled.jpg,shared,"Dos rec√°maras, cocina y un ba√±o. Segundo piso.",,,enero-2026---mayo-2026-5-meses; enero-2026---junio-2026-6-meses,https://cdn.prod.website-files.com/66c2d9453ef9ccc73309930e/6859f9b14e42b20c3dfaaeb7_C03-07-scaled.jpg,https://cdn.prod.website-files.com/66c2d9453ef9ccc73309930e/6859f9b4a5d412be17b19252_C03-05-scaled.jpg,https://cdn.prod.website-files.com/66c2d9453ef9ccc73309930e/6859f9b80db1dbcde5173684_C03-02-scaled.jpg,https://cdn.prod.website-files.com/66c2d9453ef9ccc73309930e/6859f9be666751677bc5c93b_C03-03-scaled.jpg,,,,,,
9,centro,https://cdn.prod.website-files.com/66c2d9453ef9ccc73309930e/6859f87b00063dc30374c593_C103-01-scaled.jpg,shared,"Dos rec√°maras, cocina y un ba√±o. Segundo piso.",,,enero-2026---mayo-2026-5-meses; enero-2026---junio-2026-6-meses,https://cdn.prod.website-files.com/66c2d9453ef9ccc73309930e/6859f8775f10a677f984910a_C103-02-scaled.jpg,https://cdn.prod.website-files.com/66c2d9453ef9ccc73309930e/6859f882d5e46d026a1b633b_C103-06-scaled.jpg,https://cdn.prod.website-files.com/66c2d9453ef9ccc73309930e/6859f885bcf31cd1dbc8f149_C103-03-scaled.jpg,https://cdn.prod.website-files.com/66c2d9453ef9ccc73309930e/6859f87fa9f6543609fc18e4_C013-05jpg-scaled.jpg,https://cdn.prod.website-files.com/66c2d9453ef9ccc73309930e/6859f8892e006071e7e054db_C103-04-scaled.jpg,,,,,
1,mariachi,https://cdn.prod.website-files.com/66c2d9453ef9ccc73309930e/6886abc749596497c6944ad2_IMG_4378%20de%20taman%CC%83o%20grande.jpeg,shared,"Habitaci√≥n ubicada en el primer piso, cama doble, armario, escritorio y silla. Ba√±o compartido.",,,,https://cdn.prod.website-files.com/66c2d9453ef9ccc73309930e/6886abe6aa73283c09c2f0fc_IMG_4376%20de%20taman%CC%83o%20grande.jpeg,https://cdn.prod.website-files.com/66c2d9453ef9ccc73309930e/6886ac27306e3894a16b744a_IMG_4377%20de%20taman%CC%83o%20grande.jpeg,https://cdn.prod.website-files.com/66c2d9453ef9ccc73309930e/6886ac3118e6f05a587f31ad_IMG_4384%20de%20taman%CC%83o%20grande.jpeg,,,,,,,
12,mariachi,https://cdn.prod.website-files.com/66c2d9453ef9ccc73309930e/67acfdc0ea0826e2c2dcf94c_room12_7184%20de%20taman%CC%83o%20grande.jpeg,shared,"Habitaci√≥n ubicada en el segundo piso, cama doble, armario, c√≥moda, escritorio y silla. Ba√±o compartido con otra habitaci√≥n.","Fray Andr√©s de Olmos 2621, Tres Cruces, 72595 Heroica Puebla de Zaragoza, Pue.",,,https://cdn.prod.website-files.com/66c2d9453ef9ccc73309930e/67b542d2dc02d83441807735_room12_7183%20de%20taman%CC%83o%20grande.jpeg,https://cdn.prod.website-files.com/66c2d9453ef9ccc73309930e/67acfdc0ea0826e2c2dcf94c_room12_7184%20de%20taman%CC%83o%20grande.jpeg,https://cdn.prod.website-files.com/66c2d9453ef9ccc73309930e/67b542d3d6e7a63f1d86352a_room12_7185%20de%20taman%CC%83o%20grande.jpeg,https://cdn.prod.website-files.com/66c2d9453ef9ccc73309930e/67b542d2bda01a3920b6d520_room12_7186%20de%20taman%CC%83o%20grande.jpeg,https://cdn.prod.website-files.com/66c2d9453ef9ccc73309930e/67b542d232fd43161047f22b_room12_7187%20de%20taman%CC%83o%20grande.jpeg,https://cdn.prod.website-files.com/66c2d9453ef9ccc73309930e/67b542d2df5bb24ce0b759e9_room12_7188%20de%20taman%CC%83o%20grande.jpeg,,,,
13,mariachi,https://cdn.prod.website-files.com/66c2d9453ef9ccc73309930e/67ad020388af82015288ed4e_room13_7177%20protada%20cuerto%20page%20.jpeg,shared,"Habitaci√≥n ubicada en el segundo piso, cama doble, armario, c√≥moda, escritorio y silla. Ba√±o compartido con otra habitaci√≥n. ","Fray Andr√©s de Olmos 2621, Tres Cruces, 72595 Heroica Puebla de Zaragoza, Pue.",,,,,,,,,,,,
14,mariachi,https://cdn.prod.website-files.com/66c2d9453ef9ccc73309930e/67cd80115035647215e9b778_IMG_0391.JPG,shared,"Habitaci√≥n privada en el primer piso, ba√±o privado, cama doble, armario, c√≥moda, escritorio y silla.","Fray Andr√©s de Olmos 2621, Tres Cruces, 72595 Heroica Puebla de Zaragoza, Pue.",,,,,,,,,,,,
2,mariachi,https://cdn.prod.website-files.com/66c2d9453ef9ccc73309930e/68b635570b15fd2867bb95c6_IMG_4371%20de%20taman%CC%83o%20grande.jpeg,shared,"Habitaci√≥n ubicada en el primer piso, cama doble, armario, escritorio y silla. Ba√±o compartido.",,,,https://cdn.prod.website-files.com/66c2d9453ef9ccc73309930e/68b636564f1d692b9545abbf_cuarto2-2.jpeg,https://cdn.prod.website-files.com/66c2d9453ef9ccc73309930e/6886ac3118e6f05a587f31ad_IMG_4384%20de%20taman%CC%83o%20grande.jpeg,https://cdn.prod.website-files.com/66c2d9453ef9ccc73309930e/68b63666a2c119282ad189c5_bano%20cuarto%201-2_4.jpeg,,,,,,,
3,mariachi,https://cdn.prod.website-files.com/66c2d9453ef9ccc73309930e/68b637ae81fa146c4185962d_cuarto3_1.jpeg,shared,"Habitaci√≥n ubicada en el primer piso, cama doble, armario, tocador con espejo, escritorio y silla. Ba√±o compartido.","Fray Andr√©s de Olmos 2621, Tres Cruces, 72595 Heroica Puebla de Zaragoza, Pue.",,,https://cdn.prod.website-files.com/66c2d9453ef9ccc73309930e/68b637b79adf7a4ddf481c65_cuarto3_2.jpeg,https://cdn.prod.website-files.com/66c2d9453ef9ccc73309930e/68b637c93c8a45048039943c_cuarto3_3.jpeg,https://cdn.prod.website-files.com/66c2d9453ef9ccc73309930e/68b637ccdb30253973f75eb9_cuarto3_4.jpeg,https://cdn.prod.website-files.com/66c2d9453ef9ccc73309930e/68b637d0c8712a476bb11e3e_cuarto3_5.jpeg,https://cdn.prod.website-files.com/66c2d9453ef9ccc73309930e/68b6382b4310169f881219b0_bano%20cuartos%203-4_1.jpeg,https://cdn.prod.website-files.com/66c2d9453ef9ccc73309930e/68b6383248fe788a226587a0_bano%20cuartos%203-4_2.jpeg,,,,
4,mariachi,https://cdn.prod.website-files.com/66c2d9453ef9ccc73309930e/68b64d29c57471eada9c892a_cuarto4-1.jpeg,shared,"Habitaci√≥n ubicada en el primer piso, cama doble, armario, tocador con espejo, escritorio y silla. Ba√±o compartido.","Fray Andr√©s de Olmos 2621, Tres Cruces, 72595 Heroica Puebla de Zaragoza, Pue.",,,https://cdn.prod.website-files.com/66c2d9453ef9ccc73309930e/68b64d317b857512564d60fd_cuarto4-2.jpeg,https://cdn.prod.website-files.com/66c2d9453ef9ccc73309930e/68b64d317b857512564d60fd_cuarto4-2.jpeg,https://cdn.prod.website-files.com/66c2d9453ef9ccc73309930e/68b64d381a6e6847117f4441_cuarto4-3.jpeg,https://cdn.prod.website-files.com/66c2d9453ef9ccc73309930e/68b64d3bf6772f789911e859_cuarto4-4.jpeg,https://cdn.prod.website-files.com/66c2d9453ef9ccc73309930e/68b6382b4310169f881219b0_bano%20cuartos%203-4_1.jpeg,https://cdn.prod.website-files.com/66c2d9453ef9ccc73309930e/68b6383248fe788a226587a0_bano%20cuartos%203-4_2.jpeg,https://cdn.prod.website-files.com/66c2d9453ef9ccc73309930e/68b64d57da7dd1a7d03e0a39_bano%20cuartos%203-4_3.jpeg,,,
5,mariachi,https://cdn.prod.website-files.com/66c2d9453ef9ccc73309930e/68b64deafb5b6c7d30b64e48_IMG_4333%20de%20taman%CC%83o%20grande.jpeg,private,"Habitaci√≥n ubicada en el primer piso, ba√±o privado, cama doble, closet amplio, sof√°,, escritorio y silla.","Fray Andr√©s de Olmos 2621, Tres Cruces, 72595 Heroica Puebla de Zaragoza, Pue.",,,https://cdn.prod.website-files.com/66c2d9453ef9ccc73309930e/6913fcb0c69f38d362ab8732_cuarto5-10.jpeg,https://cdn.prod.website-files.com/66c2d9453ef9ccc73309930e/68b64ebc9b58f09c453644c6_cuarto5-6.jpeg,https://cdn.prod.website-files.com/66c2d9453ef9ccc73309930e/68b64ed3db30253973fa6725_cuarto5-9.jpeg,https://cdn.prod.website-files.com/66c2d9453ef9ccc73309930e/68b64ede0a0b02404e0d72c0_cuarto5-8.jpeg,https://cdn.prod.website-files.com/66c2d9453ef9ccc73309930e/68b64ee5eb5aba2db4e0e040_cuarto5-7.jpeg,,,,,
6,mariachi,https://cdn.prod.website-files.com/66c2d9453ef9ccc73309930e/68b65423a71734eb5c662a08_cuarto6-1.jpeg,private,"Piso privado en planta alta con ba√±o, sal√≥n, cocina, minibar, cama queen, sofa amplio, armario, tocador con espejo, escritorio y silla.","Fray Andr√©s de Olmos 2621, Tres Cruces, 72595 Heroica Puebla de Zaragoza, Pue.",,,https://cdn.prod.website-files.com/66c2d9453ef9ccc73309930e/68b654528c1c4a46eeaf2656_cuarto6-6.jpeg,https://cdn.prod.website-files.com/66c2d9453ef9ccc73309930e/68b65459918d27688247f062_cuarto6-3.jpeg,https://cdn.prod.website-files.com/66c2d9453ef9ccc73309930e/68b6546707927800142fce9d_cuarto6-4.jpeg,https://cdn.prod.website-files.com/66c2d9453ef9ccc73309930e/68b6547acd50babf5cf76f80_cuarto6-7.jpeg,,,,,,
7,mariachi,https://cdn.prod.website-files.com/66c2d9453ef9ccc73309930e/68b654cd07927800142fe42c_cuarto7-1.jpeg,shared,"Habitaci√≥n ubicada en el segundo piso, cama doble, armario, c√≥moda, escritorio y silla. Ba√±o compartido.","Fray Andr√©s de Olmos 2621, Tres Cruces, 72595 Heroica Puebla de Zaragoza, Pue.",,,https://cdn.prod.website-files.com/66c2d9453ef9ccc73309930e/68b655427c977ab722cdc46f_cuarto7-2.jpeg,,,,,,,,,
8,mariachi,https://cdn.prod.website-files.com/66c2d9453ef9ccc73309930e/68b6575c5da5d84599e8508b_cuarto8-1.jpeg,compartido,"Habitaci√≥n ubicada en el segundo piso, cama doble, armario, c√≥moda, escritorio y silla. Ba√±o compartido.","Fray Andr√©s de Olmos 2621, Tres Cruces, 72595 Heroica Puebla de Zaragoza, Pue.",,,https://cdn.prod.website-files.com/66c2d9453ef9ccc73309930e/68b6576008124e44b89c4334_cuarto8-2.jpeg,https://cdn.prod.website-files.com/66c2d9453ef9ccc73309930e/68b657647660c35eff68859c_cuarto8-3.jpeg,,,,,,,,
9,mariachi,https://cdn.prod.website-files.com/66c2d9453ef9ccc73309930e/68b66b0ca92383daf8328ace_cuarto9-6.jpeg,private,"Habitaci√≥n doble en el segundo piso con ba√±o privado, dos camas individuales, amplio armario, c√≥moda, escritorio y silla.","Fray Andr√©s de Olmos 2621, Tres Cruces, 72595 Heroica Puebla de Zaragoza, Pue.",,,https://cdn.prod.website-files.com/66c2d9453ef9ccc73309930e/68b66b18baa48accecdc779a_cuarto9-1.jpeg,https://cdn.prod.website-files.com/66c2d9453ef9ccc73309930e/68b66b22ee66385592b4e382_cuarto9-2.jpeg,https://cdn.prod.website-files.com/66c2d9453ef9ccc73309930e/68b66b29e181b3f32367ece1_cuarto9-3.jpeg,https://cdn.prod.website-files.com/66c2d9453ef9ccc73309930e/68b66b3047e37e1ff6efa681_cuarto9-5.jpeg,,,,,,
1,mariachi,https://cdn.prod.website-files.com/66c2d9453ef9ccc73309930e/6917b34d5fede338517527c2_WhatsApp%20Image%202025-11-10%20at%2017.37.12%20(1).jpeg,private,"Habitaci√≥n amplia con cama matrimonial y ba√±o privado, ideal para estudiantes.",,"<h3 id="""">üõèÔ∏è Habitaci√≥n amplia con ba√±o privado ‚Äì Excelente iluminaci√≥n natural</h3><p id="""">Esta habitaci√≥n destaca por su <strong id="""">amplitud, comodidad y luz natural</strong> gracias a una ventana grande que ilumina todo el espacio. Cuenta con una <strong id="""">cama matrimonial</strong>, piso de loseta f√°cil de limpiar y un ambiente tranquilo perfecto para estudiantes o j√≥venes profesionales.</p><p id="""">Incluye un <strong id="""">ba√±o privado dentro de la habitaci√≥n</strong>, equipado con ducha, lavabo y WC, brind√°ndote total privacidad y comodidad.</p><p id="""">El espacio tambi√©n ofrece un <strong id="""">escritorio con silla</strong>, ideal para estudiar o trabajar desde casa, y un <strong id="""">cl√≥set amplio</strong> para almacenamiento adicional.</p><p id="""">La habitaci√≥n se encuentra en una <strong id="""">zona segura y con f√°cil acceso al transporte y servicios</strong>.</p><p id=""""><strong id="""">Caracter√≠sticas principales:</strong></p><ul id=""""><li>Habitaci√≥n amplia y bien iluminada</li><li>Ba√±o privado</li><li>Cama matrimonial, escritorio y cl√≥set incluidos</li><li>Ventana grande con persiana</li><li>Ambiente tranquilo y confortable</li></ul><p id="""">Perfecta para quienes buscan un espacio privado, pr√°ctico y bien ubicado en Puebla.</p><h3 id="""">‚Äç</h3>",enero-2026---mayo-2026-5-meses; enero-2026---junio-2026-6-meses,,,,,,,,,,
2,mariachi,https://cdn.prod.website-files.com/66c2d9453ef9ccc73309930e/6924b4fd1df5f26859a8b507_WhatsApp%20Image%202025-11-10%20at%2017.37.39.jpeg,shared,"Habitaci√≥n con cl√≥set amplio y ambiente c√≥modo, ideal para estancias largas.",,"<h3 id="""">Habitaci√≥n amplia con cama matrimonial ‚Äì Ideal para estudiantes</h3><p id="""">Esta habitaci√≥n es perfecta para estudiantes que buscan un espacio <strong id="""">c√≥modo, luminoso y funcional</strong> durante su estancia en Puebla. Cuenta con una <strong id="""">cama matrimonial</strong>, un <strong id="""">cl√≥set grande con cajoneras</strong> y un <strong id="""">escritorio junto a una ventana amplia</strong>, lo que la hace ideal para estudiar con buena iluminaci√≥n natural.</p><p id="""">El <strong id="""">ba√±o es compartido</strong>, manteniendo una convivencia c√≥moda y ordenada entre estudiantes. El ambiente general es tranquilo, seguro y pensado para favorecer la concentraci√≥n y el descanso.</p><p id=""""><strong id="""">Caracter√≠sticas principales:</strong></p><ul id=""""><li id="""">Cama matrimonial</li><li id="""">Escritorio con gran entrada de luz natural</li><li id="""">Cl√≥set amplio y pr√°ctico</li><li id="""">Ba√±o compartido</li><li id="""">Ambiente tranquilo perfecto para estudiar</li></ul><p id="""">Una excelente opci√≥n para estudiantes que buscan un espacio agradable y bien equipado.</p>",enero-2026---mayo-2026-5-meses; enero-2026---junio-2026-6-meses,,,,,,,,,,
3,mariachi,https://cdn.prod.website-files.com/66c2d9453ef9ccc73309930e/6924b58901b08e0a74ffabde_WhatsApp%20Image%202025-11-10%20at%2017.38.05.jpeg,shared,"Habitaci√≥n con cl√≥set amplio y ambiente c√≥modo, ideal para estancias largas.",,"<h3 id="""">Habitaci√≥n amplia con cl√≥set grande ‚Äì Ideal para estudiantes</h3><p id="""">Esta habitaci√≥n es perfecta para <strong id="""">estudiantes que buscan un espacio c√≥modo, pr√°ctico y bien iluminado</strong>. Cuenta con una <strong id="""">cama matrimonial</strong>, un <strong id="""">cl√≥set amplio con cajoneras</strong> y un <strong id="""">escritorio ideal para estudiar o trabajar</strong>, justo junto a una ventana grande que proporciona excelente luz natural durante el d√≠a.</p><p id="""">El ba√±o es <strong id="""">compartido</strong> y se mantiene limpio, ideal para una convivencia c√≥moda entre estudiantes. La habitaci√≥n ofrece un ambiente tranquilo y organizado, ideal para enfocarte en tus clases o relajarte despu√©s de un d√≠a en la universidad.</p><p id=""""><strong id="""">Caracter√≠sticas principales para estudiantes:</strong></p><ul id=""""><li>Cama matrimonial muy c√≥moda</li><li>Escritorio con buena iluminaci√≥n natural</li><li>Cl√≥set grande para guardar todo lo necesario</li><li>Ba√±o compartido</li><li>Ambiente tranquilo y perfecto para estudiar</li></ul><p id="""">Una opci√≥n ideal si buscas un espacio acogedor y funcional durante tu estancia en Puebla.</p><p id="""">‚Äç</p>",enero-2026---mayo-2026-5-meses; enero-2026---junio-2026-6-meses,,,,,,,,,,
4,mariachi,https://cdn.prod.website-files.com/66c2d9453ef9ccc73309930e/6924b83f852d446caec791f1_WhatsApp%20Image%202025-11-10%20at%2017.38.29.jpeg,shared,"Habitaci√≥n amplia con cama king size y ba√±o compartido, ideal para estudiantes.",,"<h3 id="""">Habitaci√≥n amplia con ba√±o compartido ‚Äì Excelente iluminaci√≥n natural</h3><p id="""">Esta habitaci√≥n ofrece un espacio <strong id="""">amplio, luminoso y acogedor</strong>, perfecto para estudiantes que buscan comodidad durante su estancia en Puebla. Cuenta con una <strong id="""">cama king size</strong>, ideal para descansar con total confort, adem√°s de una mesa de noche y un escritorio que permite estudiar o trabajar con tranquilidad.</p><p id="""">El <strong id="""">ba√±o es compartido</strong>, siempre mantenido limpio y cercano a la habitaci√≥n. La decoraci√≥n sencilla con detalles mexicanos, como el cuadro de Frida Kahlo, le da un toque c√°lido y agradable al ambiente.</p><p id="""">La ventana grande permite una excelente entrada de luz natural, haciendo que la habitaci√≥n se sienta fresca y agradable durante el d√≠a.</p><p id=""""><strong id="""">Caracter√≠sticas principales:</strong></p><ul id=""""><li>Cama king size</li><li>Ba√±o compartido</li><li>Escritorio y mesa de noche incluidos</li><li>Amplia iluminaci√≥n natural</li><li>Ambiente tranquilo ideal para estudiantes</li></ul><p id="""">Una habitaci√≥n c√≥moda y funcional en una ubicaci√≥n segura y pr√°ctica para la vida estudiantil.</p>",enero-2026---mayo-2026-5-meses; enero-2026---junio-2026-6-meses,,,,,,,,,,
5,mariachi,https://cdn.prod.website-files.com/66c2d9453ef9ccc73309930e/6924b85e756b558c52fb8775_WhatsApp%20Image%202025-11-10%20at%2017.38.49.jpeg,shared,"Habitaci√≥n luminosa con cama matrimonial y ba√±o compartido, ideal para estudiantes.",,"<h3 id="""">Habitaci√≥n luminosa con ba√±o compartido ‚Äì Excelente iluminaci√≥n natural</h3><p id="""">Esta habitaci√≥n ofrece un ambiente <strong id="""">acogedor, luminoso y perfecto para estudiantes</strong> que buscan comodidad durante su estancia en Puebla. Cuenta con una <strong id="""">cama matrimonial</strong>, mesa de noche de madera y una ventana grande con persiana que brinda excelente iluminaci√≥n natural, manteniendo el espacio fresco y agradable.</p><p id="""">El <strong id="""">ba√±o es compartido</strong>, siempre limpio y cercano a la habitaci√≥n, lo que permite una convivencia c√≥moda entre estudiantes. La decoraci√≥n sencilla y c√°lida, con arte estilo Frida Kahlo, aporta un toque hogare√±o y relajado.</p><p id=""""><strong id="""">Caracter√≠sticas principales:</strong></p><ul id=""""><li id="""">Cama matrimonial</li><li id="""">Ba√±o compartido</li><li id="""">Iluminaci√≥n natural abundante</li><li id="""">Mesa de noche incluida</li><li id="""">Ambiente tranquilo y c√≥modo para estudiar</li></ul><p id="""">Una habitaci√≥n ideal para estudiantes que buscan un espacio agradable, seguro y bien ubicado en Puebla.</p>",enero-2026---mayo-2026-5-meses; enero-2026---junio-2026-6-meses,,,,,,,,,,
6,mariachi,https://cdn.prod.website-files.com/66c2d9453ef9ccc73309930e/6924b85e756b558c52fb8775_WhatsApp%20Image%202025-11-10%20at%2017.38.49.jpeg,shared,"Habitaci√≥n con cama individual y ba√±o privado, perfecta para estudiantes.",,"<h3 id="""">Habitaci√≥n luminosa con ba√±o compartido ‚Äì Excelente iluminaci√≥n natural</h3><p id="""">Esta habitaci√≥n es ideal para estudiantes que buscan un espacio <strong id="""">privado, c√≥modo y funcional</strong>. Cuenta con una <strong id="""">cama individual</strong>, un <strong id="""">ba√±o privado</strong> dentro de la habitaci√≥n y amplio espacio de almacenamiento gracias a las repisas de madera integradas.</p><p id="""">El escritorio de madera ofrece un ambiente perfecto para estudiar o trabajar con concentraci√≥n. El piso de loseta es f√°cil de limpiar y el ambiente general es tranquilo, ideal para enfocarte en tus estudios.</p><p id=""""><strong id="""">Caracter√≠sticas principales:</strong></p><ul id=""""><li>Ba√±o privado</li><li>Cama individual</li><li>Escritorio amplio</li><li>M√∫ltiples repisas para almacenamiento</li><li>Ambiente tranquilo ideal para estudiar</li></ul><p id="""">Una excelente opci√≥n para estudiantes que buscan privacidad, comodidad y un espacio bien organizado en Puebla.</p>",enero-2026---mayo-2026-5-meses; enero-2026---junio-2026-6-meses,,,,,,,,,,